mean_decision_time,name,points,steps,timestamp,total_steps
0.011814746700349401,random_package_random_drop,-1.0,61.0,1550573149.0932124,61.0
0.011696867644786835,random_package_random_drop,1.0,64.0,1550573149.1208594,64.0
0.01173863044151893,random_package_random_drop,-1.0,65.0,1550573149.1352663,65.0
0.011561689242510729,random_package_random_drop,-1.0,71.0,1550573149.1931274,71.0
0.011391080342806302,random_package_random_drop,-1.0,78.0,1550573149.2608032,78.0
0.011430894272236885,random_package_random_drop,-1.0,79.0,1550573149.275682,79.0
0.011492161103236823,random_package_random_drop,-1.0,81.0,1550573149.303145,81.0
0.011517449123103445,random_package_random_drop,-1.0,82.0,1550573149.3167436,82.0
0.011565133749720562,random_package_random_drop,-1.0,83.0,1550573149.332207,83.0
0.011593801634652274,random_package_random_drop,-1.0,84.0,1550573149.3461177,84.0
0.01162499050761378,random_package_random_drop,-1.0,86.0,1550573149.3720071,86.0
0.01164466684514826,random_package_random_drop,-1.0,88.0,1550573149.3971467,88.0
0.01176930277535085,random_package_random_drop,-1.0,89.0,1550573149.419853,89.0
0.011865578757392036,random_package_random_drop,-1.0,90.0,1550573149.4402473,90.0
0.01195286132477142,random_package_random_drop,-1.0,91.0,1550573149.4600244,91.0
0.012022482451572213,random_package_random_drop,-1.0,93.0,1550573149.4903946,93.0
0.012041327801156552,random_package_random_drop,-1.0,94.0,1550573149.5042129,94.0
0.012054843207200369,random_package_random_drop,-1.0,96.0,1550573149.529537,96.0
0.012060739556137396,random_package_random_drop,-1.0,98.0,1550573149.554317,98.0
0.012080019170587713,random_package_random_drop,-1.0,99.0,1550573149.5683627,99.0
0.012108104228973389,random_package_random_drop,-1.0,100.0,1550573149.5832078,100.0
0.012069688259976582,random_package_random_drop,-1.0,103.0,1550573149.615593,103.0
0.012090614208808312,random_package_random_drop,-1.0,104.0,1550573149.62972,104.0
0.012105101630801246,random_package_random_drop,-1.0,105.0,1550573149.643357,105.0
0.012114052502614147,random_package_random_drop,-1.0,106.0,1550573149.656433,106.0
0.012136336798979857,random_package_random_drop,-1.0,107.0,1550573149.6709197,107.0
0.012166469185440629,random_package_random_drop,-1.0,108.0,1550573149.6862726,108.0
0.012173088318711027,random_package_random_drop,-1.0,109.0,1550573149.6992188,109.0
0.012201861901716753,random_package_random_drop,-1.0,110.0,1550573149.714706,110.0
0.012207868936899546,random_package_random_drop,-1.0,111.0,1550573149.7274406,111.0
0.012227803468704224,random_package_random_drop,-1.0,112.0,1550573149.741954,112.0
0.012282996051079404,random_package_random_drop,-1.0,113.0,1550573149.7603428,113.0
0.012291753501222845,random_package_random_drop,-1.0,114.0,1550573149.7735834,114.0
0.012299767784450365,random_package_random_drop,-1.0,115.0,1550573149.7868693,115.0
0.012332513414580247,random_package_random_drop,-1.0,116.0,1550573149.8029277,116.0
0.01234994994269477,random_package_random_drop,-1.0,117.0,1550573149.8173363,117.0
0.012369869119029934,random_package_random_drop,-1.0,118.0,1550573149.8319852,118.0
0.012387179526962153,random_package_random_drop,-1.0,119.0,1550573149.8464153,119.0
0.012391881148020426,random_package_random_drop,1.0,120.0,1550573149.859385,120.0
0.012411610154080982,random_package_random_drop,-1.0,121.0,1550573149.8743656,121.0
0.012428668678783979,random_package_random_drop,-1.0,122.0,1550573149.8886783,122.0
0.01245379641773255,random_package_random_drop,-1.0,123.0,1550573149.9042263,123.0
0.012478599625249063,random_package_random_drop,-1.0,124.0,1550573149.9197416,124.0
0.012492671966552734,random_package_random_drop,-1.0,125.0,1550573149.933972,125.0
0.01250379615359836,random_package_random_drop,-1.0,126.0,1550573149.9478776,126.0
0.012527719257384773,random_package_random_drop,-1.0,127.0,1550573149.9634228,127.0
0.01253889687359333,random_package_random_drop,-1.0,128.0,1550573149.977349,128.0
0.012528827948163646,random_package_random_drop,-1.0,129.0,1550573149.9886668,129.0
0.01254737010368934,random_package_random_drop,-1.0,130.0,1550573150.0035567,130.0
0.012566564647296002,random_package_random_drop,-1.0,131.0,1550573150.0186126,131.0
0.012575328350067139,random_package_random_drop,-1.0,132.0,1550573150.0323198,132.0
0.012599821377517586,random_package_random_drop,-1.0,133.0,1550573150.0482342,133.0
0.012622068177408246,random_package_random_drop,-1.0,134.0,1550573150.0637243,134.0
0.01264513510244864,random_package_random_drop,-1.0,135.0,1550573150.0794804,135.0
0.012679536552990185,random_package_random_drop,-1.0,136.0,1550573150.096829,136.0
0.01268254927475087,random_package_random_drop,-1.0,137.0,1550573150.1102135,137.0
0.012705675069836603,random_package_random_drop,-1.0,138.0,1550573150.1258311,138.0
0.012706298622296011,random_package_random_drop,-1.0,139.0,1550573150.1386595,139.0
0.012729602200644357,random_package_random_drop,-1.0,140.0,1550573150.15458,140.0
0.012742554887812188,random_package_random_drop,-1.0,141.0,1550573150.1691701,141.0
0.012756446717490613,random_package_random_drop,-1.0,142.0,1550573150.1838727,142.0
0.012773733872633714,random_package_random_drop,-1.0,143.0,1550573150.199059,143.0
0.012789663341310289,random_package_random_drop,-1.0,144.0,1550573150.214117,144.0
0.012797288236946895,random_package_random_drop,-1.0,145.0,1550573150.2280798,145.0
0.012793313967038507,random_package_random_drop,-1.0,146.0,1550573150.2403066,146.0
0.012852487109956286,random_package_random_drop,-1.0,147.0,1550573150.2618089,147.0
0.012877061560347274,random_package_random_drop,-1.0,148.0,1550573150.2784417,148.0
0.012909575596751783,random_package_random_drop,-1.0,149.0,1550573150.2959645,149.0
0.01291525681813558,random_package_random_drop,-1.0,150.0,1550573150.3099146,150.0
0.01293589263562335,random_package_random_drop,-1.0,151.0,1550573150.325961,151.0
0.012936373941259446,random_package_random_drop,-1.0,153.0,1550573150.3517392,153.0
0.012719816631740995,random_package_random_drop,-1.0,162.0,1550573150.4330986,162.0
0.01252024118290391,random_package_random_drop,-1.0,172.0,1550573150.5259593,172.0
0.012514130917587721,random_package_random_drop,-1.0,173.0,1550573150.5374794,173.0
0.012530596776940357,random_package_random_drop,-1.0,174.0,1550573150.5528197,174.0
0.012522244995290583,random_package_random_drop,1.0,176.0,1550573150.576477,176.0
0.012491930796447413,random_package_random_drop,-1.0,179.0,1550573150.6086175,179.0
0.012368466264458113,random_package_random_drop,-1.0,186.0,1550573150.6730778,186.0
0.012307033488887767,random_package_random_drop,-1.0,191.0,1550573150.723219,191.0
0.011921107211959697,random_package_random_drop,-1.0,214.0,1550573150.923721,214.0
0.011899894283663842,random_package_random_drop,1.0,217.0,1550573150.9549737,217.0
0.011913938259859697,random_package_random_drop,-1.0,218.0,1550573150.9698818,218.0
0.011793660490136398,random_package_random_drop,-1.0,228.0,1550573151.0615778,228.0
0.011719936005612637,random_package_random_drop,-1.0,235.0,1550573151.1268682,235.0
0.011671825249989828,random_package_random_drop,-1.0,240.0,1550573151.1739063,240.0
0.011673888061272264,random_package_random_drop,-1.0,243.0,1550573151.20943,243.0
0.01169058045402902,random_package_random_drop,-1.0,244.0,1550573151.225293,244.0
0.011695282799857003,random_package_random_drop,-1.0,245.0,1550573151.2380764,245.0
0.011724584470919477,random_package_random_drop,-1.0,246.0,1550573151.2569933,246.0
0.011737850513535472,random_package_random_drop,-1.0,247.0,1550573151.271994,247.0
0.011747173724635955,random_package_random_drop,-1.0,248.0,1550573151.2859733,248.0
0.0117605364466288,random_package_random_drop,-1.0,249.0,1550573151.3011112,249.0
0.011708457638898233,random_package_random_drop,-1.0,254.0,1550573151.3466547,254.0
0.011608703569932417,random_package_random_drop,-1.0,264.0,1550573151.4374583,264.0
0.01163768228494896,random_package_random_drop,-1.0,265.0,1550573151.4568174,265.0
0.011647606254520272,random_package_random_drop,-1.0,266.0,1550573151.4709942,266.0
0.011656385236018606,random_package_random_drop,-1.0,267.0,1550573151.4850383,267.0
0.011663232276688761,random_package_random_drop,-1.0,268.0,1550573151.49851,268.0
0.011674702832246801,random_package_random_drop,-1.0,269.0,1550573151.5132053,269.0
0.011677917727717646,random_package_random_drop,-1.0,270.0,1550573151.525775,270.0
0.011687581389592583,random_package_random_drop,-1.0,271.0,1550573151.5401692,271.0
0.011694584699238049,random_package_random_drop,-1.0,272.0,1550573151.553657,272.0
0.011700585810807499,random_package_random_drop,-1.0,274.0,1550573151.5787187,274.0
0.011700553306634876,random_package_random_drop,-1.0,276.0,1550573151.6021237,276.0
0.011713962692646343,random_package_random_drop,-1.0,277.0,1550573151.6175869,277.0
0.011724713037339903,random_package_random_drop,-1.0,278.0,1550573151.6322062,278.0
0.011722898483276368,random_package_random_drop,-1.0,280.0,1550573151.6552653,280.0
0.011723427907794926,random_package_random_drop,-1.0,282.0,1550573151.6787682,282.0
0.011740689564088209,random_package_random_drop,-1.0,283.0,1550573151.6954134,283.0
0.011749851032042168,random_package_random_drop,-1.0,284.0,1550573151.7097878,284.0
0.01175304463035182,random_package_random_drop,-1.0,285.0,1550573151.722374,285.0
0.011752514058289212,random_package_random_drop,-1.0,287.0,1550573151.7457545,287.0
0.011748648019810449,random_package_random_drop,-1.0,289.0,1550573151.768189,289.0
0.011703656331912891,random_package_random_drop,-1.0,296.0,1550573151.8370724,296.0
0.011716556870174729,random_package_random_drop,-1.0,297.0,1550573151.8526194,297.0
0.011723167944274493,random_package_random_drop,-1.0,298.0,1550573151.8663545,298.0
0.011731442799137588,random_package_random_drop,-1.0,299.0,1550573151.8805046,299.0
0.011736252307891847,random_package_random_drop,-1.0,300.0,1550573151.8936965,300.0
0.011734792164393834,random_package_random_drop,-1.0,301.0,1550573151.9051435,301.0
0.011741578973681721,random_package_random_drop,-1.0,302.0,1550573151.91879,302.0
0.011753806973447894,random_package_random_drop,-1.0,303.0,1550573151.9342191,303.0
0.01176766972792776,random_package_random_drop,-1.0,304.0,1550573151.9501743,304.0
0.011776317533899527,random_package_random_drop,-1.0,305.0,1550573151.9646335,305.0
0.011782469313129101,random_package_random_drop,-1.0,306.0,1550573151.9783072,306.0
0.011788174849768027,random_package_random_drop,-1.0,307.0,1550573151.9920654,307.0
0.011794640646352396,random_package_random_drop,1.0,308.0,1550573152.0055735,308.0
0.011725218594074249,random_package_random_drop,-1.0,320.0,1550573152.1251438,320.0
0.011671184048508153,random_package_random_drop,-1.0,330.0,1550573152.2246487,330.0
0.011672322814529007,random_package_random_drop,-1.0,333.0,1550573152.2597597,333.0
0.011629092658163875,random_package_random_drop,-1.0,339.0,1550573152.315194,339.0
0.011641236613778506,random_package_random_drop,-1.0,340.0,1550573152.3309293,340.0
0.011624649731827894,random_package_random_drop,1.0,343.0,1550573152.360186,343.0
0.011632351681243542,random_package_random_drop,-1.0,344.0,1550573152.3744657,344.0
0.011625826014259648,random_package_random_drop,-1.0,346.0,1550573152.395502,346.0
0.011625881275434173,random_package_random_drop,-1.0,356.0,1550573152.5117822,356.0
0.01163614964952656,random_package_random_drop,-1.0,357.0,1550573152.527079,357.0
0.011602614095302227,random_package_random_drop,-1.0,366.0,1550573152.6195488,366.0
0.011559792562080772,random_package_random_drop,-1.0,373.0,1550573152.6848454,373.0
0.01152131808431525,random_package_random_drop,-1.0,380.0,1550573152.7511036,380.0
0.011485430383190666,random_package_random_drop,-1.0,388.0,1550573152.8294294,388.0
0.011507374461941364,random_package_random_drop,-1.0,389.0,1550573152.8494124,389.0
0.011491635980193548,random_package_random_drop,-1.0,393.0,1550573152.889322,393.0
0.011395279683318793,random_package_random_drop,-1.0,408.0,1550573153.022376,408.0
0.011412301098513428,random_package_random_drop,-1.0,409.0,1550573153.040855,409.0
0.011426221452108243,random_package_random_drop,-1.0,410.0,1550573153.0578358,410.0
0.011431441109835957,random_package_random_drop,1.0,411.0,1550573153.0715199,411.0
0.01136487708305918,random_package_random_drop,-1.0,423.0,1550573153.1804757,423.0
0.011379271183373793,random_package_random_drop,-1.0,424.0,1550573153.1979673,424.0
0.011386159448062672,random_package_random_drop,-1.0,425.0,1550573153.2122478,425.0
0.011390824832826713,random_package_random_drop,-1.0,426.0,1550573153.2259364,426.0
0.01139892571424712,random_package_random_drop,-1.0,427.0,1550573153.2405465,427.0
0.011408758497683802,random_package_random_drop,-1.0,428.0,1550573153.256132,428.0
0.011412861741784014,random_package_random_drop,-1.0,429.0,1550573153.2692556,429.0
0.01142039409903593,random_package_random_drop,-1.0,430.0,1550573153.2839499,430.0
0.01143159888460022,random_package_random_drop,-1.0,431.0,1550573153.3001838,431.0
0.011436964074770609,random_package_random_drop,-1.0,432.0,1550573153.3139231,432.0
0.011442089190934602,random_package_random_drop,-1.0,433.0,1550573153.3276267,433.0
0.011450259916244014,random_package_random_drop,-1.0,434.0,1550573153.3425505,434.0
0.011454378325363685,random_package_random_drop,-1.0,435.0,1550573153.3558674,435.0
0.0114659557648755,random_package_random_drop,-1.0,436.0,1550573153.3723779,436.0
0.011479698002202015,random_package_random_drop,-1.0,437.0,1550573153.3898373,437.0
0.011489309132371318,random_package_random_drop,-1.0,438.0,1550573153.4055083,438.0
0.011495994815522282,random_package_random_drop,-1.0,439.0,1550573153.4199274,439.0
0.01150732853195884,random_package_random_drop,-1.0,440.0,1550573153.436369,440.0
0.011512857445783896,random_package_random_drop,-1.0,441.0,1550573153.4504123,441.0
0.01152174127587366,random_package_random_drop,-1.0,442.0,1550573153.465833,442.0
0.01153047413104813,random_package_random_drop,-1.0,443.0,1550573153.481183,443.0
0.011533337670403558,random_package_random_drop,-1.0,444.0,1550573153.4939702,444.0
0.011536022786344035,random_package_random_drop,-1.0,445.0,1550573153.5069447,445.0
0.011539583248942423,random_package_random_drop,-1.0,446.0,1550573153.5198877,446.0
0.011548422060290173,random_package_random_drop,-1.0,447.0,1550573153.535306,447.0
0.01155476484979902,random_package_random_drop,-1.0,448.0,1550573153.5497103,448.0
0.011562703181481308,random_package_random_drop,-1.0,449.0,1550573153.5649028,449.0
0.011570512983534072,random_package_random_drop,-1.0,450.0,1550573153.5799816,450.0
0.011576136041374798,random_package_random_drop,-1.0,451.0,1550573153.5940936,451.0
0.011577245408454827,random_package_random_drop,-1.0,452.0,1550573153.6061418,452.0
0.011578502507662404,random_package_random_drop,-1.0,453.0,1550573153.6182463,453.0
0.011586503310350594,random_package_random_drop,-1.0,454.0,1550573153.6334522,454.0
0.011592445792732657,random_package_random_drop,-1.0,455.0,1550573153.6477516,455.0
0.01159597070593583,random_package_random_drop,-1.0,456.0,1550573153.6610107,456.0
0.011604328385067194,random_package_random_drop,-1.0,457.0,1550573153.676472,457.0
0.011614141505878564,random_package_random_drop,-1.0,458.0,1550573153.692476,458.0
0.011619203230913948,random_package_random_drop,-1.0,459.0,1550573153.7064586,459.0
0.011633635085562002,random_package_random_drop,-1.0,460.0,1550573153.7247488,460.0
0.011639648300965283,random_package_random_drop,-1.0,461.0,1550573153.7392275,461.0
0.011644017128717331,random_package_random_drop,-1.0,462.0,1550573153.7527492,462.0
0.011652504651129374,random_package_random_drop,-1.0,463.0,1550573153.7684288,463.0
0.011663184597574431,random_package_random_drop,-1.0,464.0,1550573153.7849414,464.0
0.011670398199430077,random_package_random_drop,-1.0,465.0,1550573153.7999942,465.0
0.011674821632614463,random_package_random_drop,-1.0,466.0,1550573153.813735,466.0
0.011680869014666473,random_package_random_drop,-1.0,467.0,1550573153.8281722,467.0
0.011678864452630472,random_package_random_drop,-1.0,469.0,1550573153.8506238,469.0
0.011681011382569658,random_package_random_drop,-1.0,470.0,1550573153.863303,470.0
0.011641062530581557,random_package_random_drop,-1.0,477.0,1550573153.926085,477.0
0.01160122244811255,random_package_random_drop,-1.0,484.0,1550573153.9883506,484.0
0.011605702233068721,random_package_random_drop,-1.0,485.0,1550573154.0020783,485.0
0.011619456020402319,random_package_random_drop,-1.0,486.0,1550573154.0203974,486.0
0.011628579310078395,random_package_random_drop,-1.0,487.0,1550573154.036494,487.0
0.011633960438556358,random_package_random_drop,-1.0,488.0,1550573154.0506284,488.0
0.011639201080384673,random_package_random_drop,-1.0,489.0,1550573154.0648694,489.0
0.011647547507772641,random_package_random_drop,-1.0,490.0,1550573154.0805674,490.0
0.011652929476953573,random_package_random_drop,-1.0,491.0,1550573154.0949204,491.0
0.011654219007104392,random_package_random_drop,-1.0,492.0,1550573154.1072574,492.0
0.011661777631748037,random_package_random_drop,-1.0,493.0,1550573154.1226208,493.0
0.011667504484354243,random_package_random_drop,-1.0,494.0,1550573154.1370933,494.0
0.011675881857823844,random_package_random_drop,-1.0,495.0,1550573154.1529064,495.0
0.011686082328519514,random_package_random_drop,-1.0,496.0,1550573154.169656,496.0
0.011689182258467799,random_package_random_drop,1.0,497.0,1550573154.1828914,497.0
0.011702020005528706,random_package_random_drop,-1.0,498.0,1550573154.2009053,498.0
0.01170876938737705,random_package_random_drop,-1.0,499.0,1550573154.2159607,499.0
0.011714918613433838,random_package_random_drop,-1.0,500.0,1550573154.230748,500.0
0.011718517292045547,random_package_random_drop,-1.0,501.0,1550573154.2443438,501.0
0.011719588739463533,random_package_random_drop,-1.0,502.0,1550573154.2565355,502.0
0.011720700482013922,random_package_random_drop,-1.0,503.0,1550573154.268827,503.0
0.01172544038484967,random_package_random_drop,-1.0,504.0,1550573154.2829273,504.0
0.011729078481693078,random_package_random_drop,-1.0,505.0,1550573154.296593,505.0
0.011732916115772112,random_package_random_drop,-1.0,506.0,1550573154.3101788,506.0
0.01174602517949994,random_package_random_drop,-1.0,507.0,1550573154.328666,507.0
0.0117507300038976,random_package_random_drop,-1.0,508.0,1550573154.342763,508.0
0.011755496439156222,random_package_random_drop,-1.0,509.0,1550573154.356858,509.0
0.011755197655920889,random_package_random_drop,-1.0,510.0,1550573154.368563,510.0
0.011775177752201804,random_package_random_drop,-1.0,511.0,1550573154.3906364,511.0
0.01178987417370081,random_package_random_drop,-1.0,512.0,1550573154.4098594,512.0
0.011805231808221827,random_package_random_drop,-1.0,513.0,1550573154.4295473,513.0
0.01181422968318954,random_package_random_drop,-1.0,514.0,1550573154.4459496,514.0
0.01182425554516246,random_package_random_drop,-1.0,515.0,1550573154.4628875,515.0
0.011856386827868085,random_package_random_drop,-1.0,516.0,1550573154.4912853,516.0
0.011876642588720562,random_package_random_drop,-1.0,517.0,1550573154.5136826,517.0
0.011882974374248255,random_package_random_drop,-1.0,518.0,1550573154.5289044,518.0
0.01190703728295475,random_package_random_drop,-1.0,519.0,1550573154.5531445,519.0
0.011922948635541476,random_package_random_drop,-1.0,520.0,1550573154.5733352,520.0
0.011929203132292588,random_package_random_drop,-1.0,521.0,1550573154.5884993,521.0
0.011933269171879209,random_package_random_drop,-1.0,522.0,1550573154.602514,522.0
0.011936293049478621,random_package_random_drop,-1.0,523.0,1550573154.6161206,523.0
0.01194008297592629,random_package_random_drop,-1.0,524.0,1550573154.6300066,524.0
0.011948082333519345,random_package_random_drop,-1.0,525.0,1550573154.646126,525.0
0.011954310275755907,random_package_random_drop,-1.0,526.0,1550573154.661538,526.0
0.011959526977683833,random_package_random_drop,-1.0,527.0,1550573154.6760573,527.0
0.011964042981465658,random_package_random_drop,-1.0,528.0,1550573154.6904402,528.0
0.011969720483502278,random_package_random_drop,-1.0,529.0,1550573154.7055016,529.0
0.011974467871324071,random_package_random_drop,-1.0,530.0,1550573154.7199008,530.0
0.011982527605333346,random_package_random_drop,-1.0,531.0,1550573154.7361443,531.0
0.011986527675972846,random_package_random_drop,-1.0,532.0,1550573154.7502284,532.0
0.011994653973749386,random_package_random_drop,-1.0,533.0,1550573154.7665849,533.0
0.011997947532139468,random_package_random_drop,-1.0,534.0,1550573154.7803278,534.0
0.01199851570842422,random_package_random_drop,-1.0,535.0,1550573154.7926853,535.0
0.012008759512830137,random_package_random_drop,-1.0,536.0,1550573154.810142,536.0
0.01201160615604905,random_package_random_drop,-1.0,537.0,1550573154.823715,537.0
0.012013957402963177,random_package_random_drop,-1.0,538.0,1550573154.8369849,538.0
0.012022579755765388,random_package_random_drop,-1.0,539.0,1550573154.853602,539.0
0.012027099397447375,random_package_random_drop,-1.0,540.0,1550573154.868082,540.0
0.012030869392451325,random_package_random_drop,-1.0,542.0,1550573154.8941407,542.0
0.012033670207633058,random_package_random_drop,-1.0,543.0,1550573154.9077008,543.0
0.012037200962795931,random_package_random_drop,-1.0,544.0,1550573154.9216943,544.0
0.012039977257404853,random_package_random_drop,-1.0,545.0,1550573154.9352696,545.0
0.012046696502210456,random_package_random_drop,-1.0,546.0,1550573154.9509058,546.0
0.012049156307520334,random_package_random_drop,-1.0,547.0,1550573154.964357,547.0
0.01204904196036123,random_package_random_drop,-1.0,548.0,1550573154.976303,548.0
0.012052591598316186,random_package_random_drop,-1.0,549.0,1550573154.9903166,549.0
0.011886459146344806,random_package_random_drop,-1.0,579.0,1550573155.2558465,579.0
0.011905317059878646,random_package_random_drop,-1.0,580.0,1550573155.2788074,580.0
0.011921858007854521,random_package_random_drop,-1.0,581.0,1550573155.3002996,581.0
0.01193099865798688,random_package_random_drop,-1.0,582.0,1550573155.3173668,582.0
0.011935892072386439,random_package_random_drop,1.0,583.0,1550573155.332165,583.0
0.011942440108077167,random_package_random_drop,-1.0,584.0,1550573155.3479214,584.0
0.011945270473121578,random_package_random_drop,-1.0,585.0,1550573155.3616457,585.0
0.011948784056783943,random_package_random_drop,-1.0,586.0,1550573155.3758304,586.0
0.011952795405607208,random_package_random_drop,-1.0,587.0,1550573155.3898087,587.0
0.01195530704900521,random_package_random_drop,-1.0,588.0,1550573155.4032469,588.0
0.011958192281285853,random_package_random_drop,-1.0,589.0,1550573155.417003,589.0
0.011963885113344353,random_package_random_drop,-1.0,590.0,1550573155.4323492,590.0
0.01197398858627087,random_package_random_drop,-1.0,591.0,1550573155.4502075,591.0
0.011988980544579995,random_package_random_drop,-1.0,592.0,1550573155.4710908,592.0
0.012013808872808292,random_package_random_drop,-1.0,593.0,1550573155.4978096,593.0
0.012029643411989565,random_package_random_drop,-1.0,594.0,1550573155.5192187,594.0
0.01203448552043498,random_package_random_drop,-1.0,595.0,1550573155.5342934,595.0
0.012048711712728411,random_package_random_drop,-1.0,596.0,1550573155.5547168,596.0
0.01205484631472896,random_package_random_drop,-1.0,597.0,1550573155.570332,597.0
0.012063444258775998,random_package_random_drop,-1.0,598.0,1550573155.5874915,598.0
0.012065758092176537,random_package_random_drop,-1.0,599.0,1550573155.6011348,599.0
0.01207310716311137,random_package_random_drop,-1.0,600.0,1550573155.617427,600.0
0.012077370816578286,random_package_random_drop,-1.0,601.0,1550573155.6321964,601.0
0.01208798909108108,random_package_random_drop,-1.0,602.0,1550573155.6505241,602.0
0.012089642323862459,random_package_random_drop,-1.0,603.0,1550573155.6637459,603.0
0.012100292631417266,random_package_random_drop,-1.0,605.0,1550573155.6944275,605.0
0.012103047307961844,random_package_random_drop,-1.0,606.0,1550573155.7080793,606.0
0.01198220404608261,random_package_random_drop,-1.0,629.0,1550573155.910451,629.0
0.011971904203225086,random_package_random_drop,-1.0,633.0,1550573155.9518423,633.0
0.011965158417468934,random_package_random_drop,-1.0,635.0,1550573155.971524,635.0
0.011970129028056402,random_package_random_drop,1.0,636.0,1550573155.9866486,636.0
0.011978376248039796,random_package_random_drop,-1.0,638.0,1550573156.015871,638.0
0.01192546954521766,random_package_random_drop,-1.0,650.0,1550573156.125251,650.0
0.011927001853509249,random_package_random_drop,-1.0,651.0,1550573156.1382177,651.0
0.011929039209166919,random_package_random_drop,-1.0,652.0,1550573156.1514966,652.0
0.01193954495522001,random_package_random_drop,-1.0,653.0,1550573156.1702323,653.0
0.011945205361835819,random_package_random_drop,-1.0,654.0,1550573156.1858988,654.0
0.01194952171267444,random_package_random_drop,-1.0,655.0,1550573156.2006326,655.0
0.011955840921983487,random_package_random_drop,-1.0,656.0,1550573156.216707,656.0
0.011958624855749864,random_package_random_drop,-1.0,657.0,1550573156.2306166,657.0
0.011968606511147914,random_package_random_drop,-1.0,658.0,1550573156.249056,658.0
0.011973400217267558,random_package_random_drop,-1.0,659.0,1550573156.2642202,659.0
0.011979441570513177,random_package_random_drop,-1.0,660.0,1550573156.2801178,660.0
0.011983737281880113,random_package_random_drop,-1.0,661.0,1550573156.2952092,661.0
0.011985430544596784,random_package_random_drop,-1.0,662.0,1550573156.3081234,662.0
0.011991158150260086,random_package_random_drop,-1.0,663.0,1550573156.323862,663.0
0.011995659176125583,random_package_random_drop,-1.0,664.0,1550573156.338967,664.0
0.0120037985923595,random_package_random_drop,-1.0,665.0,1550573156.3562937,665.0
0.012004361496315346,random_package_random_drop,-1.0,666.0,1550573156.368666,666.0
0.012004262503834143,random_package_random_drop,-1.0,667.0,1550573156.3805983,667.0
0.011923187328149556,random_package_random_drop,-1.0,686.0,1550573156.5530744,686.0
0.011922143540292416,random_package_random_drop,-1.0,689.0,1550573156.5882084,689.0
0.01191938320220638,random_package_random_drop,1.0,691.0,1550573156.6101632,691.0
0.011906826238838032,random_package_random_drop,-1.0,695.0,1550573156.6490715,695.0
0.011898932368288054,random_package_random_drop,-1.0,699.0,1550573156.6911485,699.0
0.011903628621782575,random_package_random_drop,-1.0,700.0,1550573156.7063425,700.0
0.011881590902636477,random_package_random_drop,-1.0,706.0,1550573156.7622736,706.0
0.011870245390300509,random_package_random_drop,-1.0,711.0,1550573156.8135617,711.0
0.011843011903895641,random_package_random_drop,-1.0,718.0,1550573156.8771393,718.0
0.011848473250451439,random_package_random_drop,-1.0,719.0,1550573156.8929195,719.0
0.011853114101621839,random_package_random_drop,-1.0,720.0,1550573156.9080884,720.0
0.011855165769918286,random_package_random_drop,1.0,721.0,1550573156.9215262,721.0
0.011856796006114322,random_package_random_drop,-1.0,723.0,1550573156.9463396,723.0
0.011861925625669364,random_package_random_drop,-1.0,724.0,1550573156.9618833,724.0
0.01182072868813639,random_package_random_drop,-1.0,736.0,1550573157.074211,736.0
0.011790202189517278,random_package_random_drop,-1.0,744.0,1550573157.145822,744.0
0.011780006681534057,random_package_random_drop,-1.0,748.0,1550573157.1853995,748.0
0.011783276875813802,random_package_random_drop,-1.0,750.0,1550573157.2113867,750.0
0.011787426915574582,random_package_random_drop,-1.0,752.0,1550573157.2380831,752.0
0.011791819753558195,random_package_random_drop,-1.0,753.0,1550573157.253278,753.0
0.011795246632725237,random_package_random_drop,-1.0,754.0,1550573157.2675567,754.0
0.011798175239058399,random_package_random_drop,-1.0,756.0,1550573157.2933962,756.0
0.011799373903866645,random_package_random_drop,-1.0,757.0,1550573157.3063936,757.0
0.011802970262190283,random_package_random_drop,-1.0,758.0,1550573157.3205862,758.0
0.011804210966911869,random_package_random_drop,-1.0,759.0,1550573157.3333461,759.0
0.011803873578446297,random_package_random_drop,-1.0,761.0,1550573157.356801,761.0
0.011752933379142514,random_package_random_drop,-1.0,775.0,1550573157.4825482,775.0
0.011745010059719526,random_package_random_drop,-1.0,778.0,1550573157.5116673,778.0
0.011740817913783192,random_package_random_drop,1.0,781.0,1550573157.5436423,781.0
0.011744259568431493,random_package_random_drop,-1.0,782.0,1550573157.5581813,782.0
0.0117475471886334,random_package_random_drop,-1.0,783.0,1550573157.5726123,783.0
0.011753105387395742,random_package_random_drop,-1.0,784.0,1550573157.588829,784.0
0.011759493457283943,random_package_random_drop,-1.0,785.0,1550573157.605575,785.0
0.011762238337490091,random_package_random_drop,-1.0,786.0,1550573157.6191604,786.0
0.011766647898711577,random_package_random_drop,-1.0,787.0,1550573157.6344035,787.0
0.011771874681947195,random_package_random_drop,-1.0,788.0,1550573157.6502798,788.0
0.01177576135168813,random_package_random_drop,-1.0,789.0,1550573157.6651216,789.0
0.011778274668922907,random_package_random_drop,-1.0,790.0,1550573157.6788802,790.0
0.011781354921053996,random_package_random_drop,-1.0,791.0,1550573157.6931417,791.0
0.01178542592308738,random_package_random_drop,-1.0,792.0,1550573157.708136,792.0
0.011792449301759352,random_package_random_drop,-1.0,793.0,1550573157.725596,793.0
0.011794966774563344,random_package_random_drop,-1.0,794.0,1550573157.7394705,794.0
0.011799249409129785,random_package_random_drop,-1.0,795.0,1550573157.7544696,795.0
0.011801244026452452,random_package_random_drop,-1.0,796.0,1550573157.767895,796.0
0.011801672400614548,random_package_random_drop,-1.0,797.0,1550573157.7800152,797.0
0.011808581519545171,random_package_random_drop,-1.0,798.0,1550573157.7973156,798.0
0.011809553461468713,random_package_random_drop,-1.0,799.0,1550573157.8099728,799.0
0.011811756193637848,random_package_random_drop,-1.0,800.0,1550573157.823568,800.0
0.011816642406430286,random_package_random_drop,-1.0,801.0,1550573157.8395128,801.0
0.011822909191065002,random_package_random_drop,-1.0,802.0,1550573157.8561082,802.0
0.011826202551721784,random_package_random_drop,-1.0,803.0,1550573157.870524,803.0
0.011826851056969684,random_package_random_drop,-1.0,805.0,1550573157.8947043,805.0
0.011830524534504703,random_package_random_drop,-1.0,806.0,1550573157.9098668,806.0
0.011832714671686827,random_package_random_drop,-1.0,807.0,1550573157.9231594,807.0
0.011831890372616989,random_package_random_drop,-1.0,809.0,1550573157.9461088,809.0
0.011832353509502647,random_package_random_drop,-1.0,810.0,1550573157.9583411,810.0
0.011835627138394169,random_package_random_drop,-1.0,811.0,1550573157.9728773,811.0
0.011839995830517097,random_package_random_drop,-1.0,812.0,1550573157.988244,812.0
0.011843697737710188,random_package_random_drop,-1.0,814.0,1550573158.014886,814.0
0.011846965368540009,random_package_random_drop,-1.0,815.0,1550573158.029428,815.0
0.011775171257064728,random_package_random_drop,-1.0,835.0,1550573158.2065904,835.0
0.011785411322600517,random_package_random_drop,-1.0,838.0,1550573158.2504916,838.0
0.011783786737437485,random_package_random_drop,-1.0,842.0,1550573158.2962048,842.0
0.01178997917673059,random_package_random_drop,1.0,843.0,1550573158.3131568,843.0
0.011795921348282511,random_package_random_drop,-1.0,844.0,1550573158.3299565,844.0
0.011799970039954552,random_package_random_drop,-1.0,845.0,1550573158.3451674,845.0
0.01180055209085451,random_package_random_drop,-1.0,846.0,1550573158.3577204,846.0
0.011807742901366323,random_package_random_drop,-1.0,847.0,1550573158.375412,847.0
0.011807472919518093,random_package_random_drop,-1.0,848.0,1550573158.3870811,848.0
0.011811167387855629,random_package_random_drop,-1.0,849.0,1550573158.4019678,849.0
0.011814479827880859,random_package_random_drop,-1.0,850.0,1550573158.4165342,850.0
0.011819266264362985,random_package_random_drop,-1.0,851.0,1550573158.4324844,851.0
0.011825179829843727,random_package_random_drop,-1.0,852.0,1550573158.4493916,852.0
0.011827683812149244,random_package_random_drop,-1.0,853.0,1550573158.4633195,853.0
0.01183170596665465,random_package_random_drop,-1.0,854.0,1550573158.4785035,854.0
0.01183454112002724,random_package_random_drop,-1.0,855.0,1550573158.4927824,855.0
0.011835183774199442,random_package_random_drop,-1.0,856.0,1550573158.5052469,856.0
0.011839238459476929,random_package_random_drop,-1.0,857.0,1550573158.5204518,857.0
0.011844546089083443,random_package_random_drop,-1.0,858.0,1550573158.5368452,858.0
0.011846722213158923,random_package_random_drop,-1.0,859.0,1550573158.5506504,859.0
0.011849984734557395,random_package_random_drop,-1.0,860.0,1550573158.5652251,860.0
0.011852103520215042,random_package_random_drop,-1.0,861.0,1550573158.5789635,861.0
0.011856861844693424,random_package_random_drop,-1.0,862.0,1550573158.594901,862.0
0.011856393493616982,random_package_random_drop,-1.0,863.0,1550573158.606321,863.0
0.01185859160290824,random_package_random_drop,-1.0,864.0,1550573158.6200702,864.0
0.011861238314237209,random_package_random_drop,-1.0,865.0,1550573158.6342964,865.0
0.011865712478584835,random_package_random_drop,-1.0,866.0,1550573158.6499567,866.0
0.011870561311539206,random_package_random_drop,-1.0,867.0,1550573158.66605,867.0
0.011877983671179565,random_package_random_drop,-1.0,868.0,1550573158.684409,868.0
0.011884963416394759,random_package_random_drop,-1.0,869.0,1550573158.7023807,869.0
0.01188671150426755,random_package_random_drop,-1.0,870.0,1550573158.715699,870.0
0.01189033172160695,random_package_random_drop,-1.0,871.0,1550573158.7308068,871.0
0.011892500820509884,random_package_random_drop,-1.0,872.0,1550573158.744532,872.0
0.011894740326434613,random_package_random_drop,-1.0,873.0,1550573158.7583852,873.0
0.011896756748312944,random_package_random_drop,-1.0,874.0,1550573158.772201,874.0
0.011897699083600725,random_package_random_drop,-1.0,875.0,1550573158.784928,875.0
0.0119017289109426,random_package_random_drop,-1.0,876.0,1550573158.8002417,876.0
0.011905962140421503,random_package_random_drop,-1.0,877.0,1550573158.8158228,877.0
0.011907553374428255,random_package_random_drop,-1.0,879.0,1550573158.8410199,879.0
0.011909530379555442,random_package_random_drop,-1.0,880.0,1550573158.8548088,880.0
0.011910980594821197,random_package_random_drop,-1.0,881.0,1550573158.8679376,881.0
0.011906905093435513,random_package_random_drop,-1.0,885.0,1550573158.9119527,885.0
0.011878664594902022,random_package_random_drop,-1.0,894.0,1550573158.993903,894.0
0.011884352081980786,random_package_random_drop,-1.0,895.0,1550573159.0108185,895.0
0.011885700682998369,random_package_random_drop,-1.0,897.0,1550573159.0359082,897.0
0.011889270525467156,random_package_random_drop,-1.0,898.0,1550573159.0509484,898.0
0.011892013019985622,random_package_random_drop,-1.0,900.0,1550573159.0772324,900.0
0.01189490481301497,random_package_random_drop,-1.0,901.0,1550573159.0917687,901.0
0.01189813143398175,random_package_random_drop,-1.0,902.0,1550573159.106498,902.0
0.011901839626983947,random_package_random_drop,-1.0,903.0,1550573159.121952,903.0
0.011849341895816375,random_package_random_drop,-1.0,919.0,1550573159.263999,919.0
0.011852499194767165,random_package_random_drop,-1.0,920.0,1550573159.2786927,920.0
0.011826811492379062,random_package_random_drop,-1.0,931.0,1550573159.3852952,931.0
0.011831164743356,random_package_random_drop,1.0,933.0,1550573159.4129248,933.0
0.011836710017038872,random_package_random_drop,-1.0,934.0,1550573159.4299037,934.0
0.011838520019449652,random_package_random_drop,-1.0,935.0,1550573159.4434721,935.0
0.011843488002434755,random_package_random_drop,-1.0,936.0,1550573159.4599748,936.0
0.011846987898347218,random_package_random_drop,-1.0,937.0,1550573159.4751375,937.0
0.011850964794280942,random_package_random_drop,-1.0,938.0,1550573159.4906328,938.0
0.011851381062191768,random_package_random_drop,-1.0,939.0,1550573159.5030987,939.0
0.0118550901717328,random_package_random_drop,-1.0,940.0,1550573159.5182161,940.0
0.011857147804608887,random_package_random_drop,-1.0,941.0,1550573159.532135,941.0
0.011861490089675677,random_package_random_drop,-1.0,942.0,1550573159.5479612,942.0
0.011863336077676978,random_package_random_drop,-1.0,943.0,1550573159.5616524,943.0
0.011865747176994712,random_package_random_drop,-1.0,944.0,1550573159.5757632,944.0
0.011866671698434013,random_package_random_drop,-1.0,945.0,1550573159.5885592,945.0
0.011872187981393827,random_package_random_drop,-1.0,946.0,1550573159.605619,946.0
0.011872927263898356,random_package_random_drop,-1.0,947.0,1550573159.618178,947.0
0.011875609808330294,random_package_random_drop,-1.0,948.0,1550573159.6325688,948.0
0.01187801562069088,random_package_random_drop,-1.0,949.0,1550573159.6466985,949.0
0.011880156871021483,random_package_random_drop,-1.0,951.0,1550573159.672571,951.0
0.011882252302490362,random_package_random_drop,-1.0,952.0,1550573159.6863732,952.0
0.011884685078047505,random_package_random_drop,-1.0,953.0,1550573159.7006373,953.0
0.011867484450340271,random_package_random_drop,-1.0,960.0,1550573159.7672734,960.0
0.011843975245891222,random_package_random_drop,-1.0,971.0,1550573159.8750622,971.0
0.01184443485589675,random_package_random_drop,-1.0,972.0,1550573159.8873112,972.0
0.011845681062092639,random_package_random_drop,-1.0,973.0,1550573159.9004254,973.0
0.011832679707579818,random_package_random_drop,1.0,978.0,1550573159.94691,978.0
0.011835145950317382,random_package_random_drop,-1.0,980.0,1550573159.9730072,980.0
0.01182748462126507,random_package_random_drop,-1.0,984.0,1550573160.012776,984.0
0.01182977439183269,random_package_random_drop,-1.0,985.0,1550573160.0270374,985.0
0.011827686778929552,random_package_random_drop,-1.0,988.0,1550573160.0603514,988.0
